{
  "faq": [
    {
      "question": "Q7",
      "answer": "JioPay Business is a payment aggregator and gateway provided by Jio Payment Solutions Limited (formerly known as Reliance Payment Solutions Limited), a subsidiary of Reliance Industries Limited. It offers merchants and businesses of all sizes simple and self-service products to accept and process payments online and offline from their customers. JioPay Business supports payments through web, mobile, and Point of Sale (POS) systems, making it convenient for merchants to manage transactions. With JioPay Business, businesses can streamline their payment operations and provide a seamless payment experience to their customers."
    },
    {
      "question": "Q8",
      "answer": "JioPay Business App is designed for retailers, businessmen or any other service providers to keep track of payments even when on the move. With the JioPay Business app, you can perform payment processing activities like accepting payments, viewing past transactions, issuing refunds, editing your profile and much more."
    },
    {
      "question": "Q9",
      "answer": "To download the JioPay Business App, follow these steps:\n    1. Open the Google Play Store app on your phone.\n    2. Search for \"JioPay Business\" and select it.\n    3. Tap \"Install\" to download and install the app."
    },
    {
      "question": "Q10",
      "answer": "At the time of login to the JioPay Business App/Dashboard, select the 'Forgot password' option and follow the instructions indicated to reset the password."
    },
    {
      "question": "Q11",
      "answer": "If you are unable to log in to the JioPay Business App or Dashboard, you can try the following:\n    1.\tCheck your internet connection: Ensure you have a stable internet connection by switching between Wi-Fi and mobile data.\n    2.\tReinstall the app: Uninstall the JioPay Business App and reinstall it to ensure you have the latest version.\n    3.\tVerify your username and password: Double-check that you are entering the correct credentials. Use the \"Forgot Password\" option if you need to reset your password."
    },
    {
      "question": "Q12",
      "answer": "If the JioPay Business App is crashing on your phone, try the following steps:\n    1.\tCheck your internet connection: Ensure you have a stable internet connection by switching between Wi-Fi and mobile data.\n    2.\tDelete and reinstall the app: Uninstall the JioPay Business App and reinstall it to get the latest version.\n    3.\tCheck phone software updates: Make sure your phone's software is up to date by checking for available updates."
    },
    {
      "question": "Q13",
      "answer": "Click on the icon in the top right corner of the App/Portal and select 'Transactions' from the option to see the transaction details."
    },
    {
      "question": "Q14",
      "answer": "The JioPay Business Dashboard is a user interface designed for merchants to configure and operate their JioPay Business account. It provides a centralized platform for managing your business and payments. With real-time charts and analytics, the dashboard allows you to track your business performance. You can view detailed reports, monitor transaction history, and analyse payment trends. The JioPay Business Dashboard empowers merchants to make informed decisions and optimize their payment processes. It offers valuable insights and enables better control over operations. By utilizing this user-friendly interface, merchants can effectively manage their JioPay Business account and drive business growth."
    },
    {
      "question": "Q15",
      "answer": "All of your transaction/refund/settlement data can be exported as reports in Excel/Text format. You can also download daily/monthly/custom date range report from the Reports section of the Dashboard."
    },
    {
      "question": "Q16",
      "answer": "You can create a Collect link in two ways: via API or via the Dashboard.\n• API: If you have programming knowledge or developer access, you can use the JioPay Business API to generate a Collect link programmatically. We will provide you integration kit.\n• Dashboard: To create a Collect link via the JioPay Dashboard:\n    o  Log in to the JioPay Dashboard.\n    o  Go to the Payment Links section.\n    o  Click on Create Payment Link.\n    o  Fill in the amount and customer details.\n    o  The payment link will be shared via SMS and email."
    },
    {
      "question": "Q17",
      "answer": "Payment modes available via a Collect link include Cards, Net banking, Wallets, and UPI. The availability of specific modes depends on the activated payment methods for the Merchant ID (MID)."
    },
    {
      "question": "Q18",
      "answer": "No, you cannot use a single Collect link to accept payments from multiple customers. A Collect link is typically generated for a specific transaction and is intended to be used by a single customer to make a payment. If you need to accept payments from multiple customers, you will need to generate separate Collect links for each customer."
    },
    {
      "question": "Q19",
      "answer": "The validity of a Collect link is 90 days by default. However, merchants can update the validity by unchecking the default expiry check box & select the validity of the Collect link. Maximum validity is 180 days and minimum can be any period as per their needs."
    },
    {
      "question": "Q20",
      "answer": "As of now, JioPay does not offer the feature of creating bulk Collect links. However, this is something that they are working on and it is likely to be available in the near future."
    },
    {
      "question": "Q21",
      "answer": "No, partial payment is not allowed when using a Collect link. The customer can only make a payment for the specific amount mentioned in the generated Collect link. However, this is something that they are working on and it is likely to be available in the near future."
    },
    {
      "question": "Q22",
      "answer": "No, the customer cannot enter the amount when using a Collect link. The customer can only make a payment for the specific amount mentioned in the generated Collect link."
    },
    {
      "question": "Q23",
      "answer": "Yes, you can add sub-users to your JioPay Business account by following these steps:\n• Go to the \"Settings\" tab in the merchant dashboard.\n• Click on \"User Management\" and provide the necessary details for the new user.\n• Grant appropriate permissions based on their requirements.\n• Click \"Add User\" to complete the process.\n• The new sub-user will receive an invitation to create a password by clicking on the \"Forgot Password\" option on the login page."
    },
    {
      "question": "Q24",
      "answer": "New sub user need to create a password by clicking on forgot password. Once the password is created, new sub user can login using new password on JioPay login page."
    },
    {
      "question": "Q25",
      "answer": "Yes, you can block/edit/delete your sub users by going into user management section inside settings tab."
    },
    {
      "question": "Q26",
      "answer": "Repeat is a billing system that allows consumers to make recurring payments for the usage of services provided by you. It enables automated and regular billing for ongoing services or subscriptions, ensuring a seamless payment experience for your customers. With Repeat, you can streamline your billing process and securely collect payments on a recurring basis."
    },
    {
      "question": "Q27",
      "answer": "Cards and UPI\nThe payment methods supported for repeat payments are cards and UPI (Unified Payments Interface). These widely-used payment options provide convenience and flexibility for customers to make recurring payments for their subscriptions."
    },
    {
      "question": "Q28",
      "answer": "As per the RBI (Reserve Bank of India) guidelines, you can debit a customer without the requirement of two-factor authentication (2FA) for subsequent payments up to a maximum amount of ₹15,000/-.\n*Amount subjective to change based on RBI guidelines."
    },
    {
      "question": "Q29",
      "answer": "You can offer your customers a free trial using two types of mandate registration:\n•  Standalone: A nominal amount (e.g., ₹2) is deducted and refunded to the customer. After the free trial period, you can start debiting the customer.\n•  Inline: The customer is charged and the subscription starts immediately."
    },
    {
      "question": "Q30",
      "answer": "No, currently Repeat is supported via on-demand API."
    },
    {
      "question": "Q31",
      "answer": "You will need to manage your subscription plans yourself using the available on-demand APIs provided by JioPay Business. These APIs offer the necessary functionality to create, manage, and handle subscriptions for your customers."
    },
    {
      "question": "Q32",
      "answer": "To create a campaign, follow these steps:\n•  Log in to the JioPay dashboard.\n•  Navigate to the Campaigns section in the menu on the left.\n•  Click on \"Create Campaign\" and configure it according to your business requirements.\n•  Once you have set up the campaign, click \"Publish Now\" to make it live."
    },
    {
      "question": "Q33",
      "answer": "To edit a campaign in the JioPay dashboard, follow these steps:\n•  Go to the Campaigns section in the JioPay dashboard.\n•  Select the specific Campaign ID that you want to edit.\n•  Make the required changes in the Offer configuration.\n•  Save the changes.\n•  The campaign will be updated and published with the modified settings."
    },
    {
      "question": "Q34",
      "answer": "To pause or stop a campaign in the JioPay dashboard, follow these steps:\n•  Go to the Campaigns section in the JioPay dashboard.\n•  Select the specific Campaign ID that you want to pause or stop.\n•  Choose the option to pause or stop the campaign based on your business requirement.\n•  If you pause a campaign, it can be re-enabled later until its expiry.\n•  If you stop a campaign, it cannot be re-enabled again.\n•  The campaign will be updated and published with the changes."
    },
    {
      "question": "Q35",
      "answer": "Settlement is the process through which you receive funds in your bank account for the money collected from your customers for a particular product/service. Settlement frequency may vary based on your agreement with JioPay Business. It is generally processed on T+1* working days (T being the date of capture of payment)."
    },
    {
      "question": "Q36",
      "answer": "A Unique Transaction Reference (UTR) number is given by the banking partner for each settlement. UTR can be viewed by clicking on the settlement ID in the section or downloading the settlement report. You can use the UTR number to track the settlement in your bank account."
    },
    {
      "question": "Q37",
      "answer": "The settlement cycle is usually T+1* working days (T being the date of capture of payment). In case the settlement has not been credited to your bank account as per your settlement frequency, we recommend you follow the steps mentioned below:  \n \n          •  Login to the JioPay Business App or Dashboard and visit the My Profile section. \n          •  Check if the settlement information on your profile is the same as the one you are checking for the receipt of settlement funds from JioPay.\n          •  If the settlement information on the page is correct, then check your bank account for any credit transaction from 'JioPay' or 'JPSL' or 'Reliance Payment Solutions'. Please don't worry your money is safe with us. If you don't receive your money within two days, kindly contact JioPay Business Merchant support. If the settlement account is different, please send a request to \nmerchant.support@jiopay.in\n for updating the settlement account with the attached cancelled cheque as a proof."
    },
    {
      "question": "Q38",
      "answer": "If you believe that you have received a partial or incorrect settlement in your account, please follow these steps to investigate the issue:\n•  Login to the JioPay Business App or Dashboard.\n•  Visit the ‘Transactions’ section on the App, or the ‘Report Section’ on the web Dashboard.\n•  Filter the date of payments for which you have received the incorrect settlement.\n•  Add the amount for all transactions which are tagged as ‘Success’.\n•  Check if the same amount post deducting the transaction processing fees and taxes has been deposited in your linked Bank Account.   \n•  If you have not received the same amount, contact us at \nmerchant.support@jiopay.in\n."
    },
    {
      "question": "Q39",
      "answer": "To update your settlement bank account number, email merchant.support@jiopay.in with your registered mobile number and the details of your new bank account. Attach a cancelled cheque as proof. The support team will assist you further."
    },
    {
      "question": "Q40",
      "answer": "No, as a JioPay Business merchant, you do not need to manually initiate settlement or batch closure for your account. The process of settling funds for the payments collected by you is automated. The unsettled transactions are automatically settled in your bank account based on your settlement cycle, without the need for any manual intervention from your side."
    },
    {
      "question": "Q41",
      "answer": "We understand that you would be concerned about the hold on your settlement. We would like to assure you that holds on settlements are a standard practice in the payment processing industry and are put in place to ensure the security and integrity of your transactions.\n\nOur compliance and risk teams monitor the transactions for various risks. These holds are usually temporary and typically last for a few business days while we conduct a thorough review of your transactions. Our teams might reach out to you on your registered email-id/mobile number for certain clarifications. Once a satisfactory response has been received we will release the funds to your account as per the agreed frequency."
    },
    {
      "question": "Q42",
      "answer": "To issue refunds using the JioPay Business App or Dashboard, follow these steps:\n•  Login to the app or dashboard.\n•  Locate the transaction for refund.\n•  Select the transaction and choose \"Refund\".\n•  Enter the refund amount (full or partial).\n•  Confirm the refund request."
    },
    {
      "question": "Q43",
      "answer": "You can check the status of the refund under refund tab on dashboard. Refund is successful processed if the refund status is Accepted or Success."
    },
    {
      "question": "Q44",
      "answer": "There are two ways to check this \n1.  You can check the ARN inside refund history tab on dashboard.\n2.  You can search for the transaction for which refund has been processed. Click on the transaction and you can find refund details at the bottom."
    },
    {
      "question": "Q45",
      "answer": "If a refund is not credited to your customer's account, please keep the following in mind:\n\n1.  Refund Deduction: The refund amount will be deducted from any pending settlements in your account. If there are no pending settlements, the refund will be on hold.\n        \n2.  Settlement Availability: The refund will be processed when a new payment is received from another customer for an amount equal to or greater than the refund amount."
    },
    {
      "question": "Q46",
      "answer": "Once a refund has been processed successfully, it cannot be cancelled. The refunded amount has already been transferred to the customer's account, and the transaction is considered final. It's important to double-check the refund details before initiating the process to ensure accuracy. If you have any concerns or need further assistance, please contact \nmerchant.support@jiopay.in\n."
    },
    {
      "question": "Q47",
      "answer": "We do not charge for refunds. However please note that the processing charges levied by JPSL for the original payment will not be reversed."
    },
    {
      "question": "Q48",
      "answer": "Yes, you have the option to perform bulk refunds using the JioPay dashboard. You can upload a refund file in the format specified on the dashboard. Once the file is uploaded, the system will process the refunds and provide you with the number of successful and failed refund records."
    },
    {
      "question": "Q49",
      "answer": "To process bulk refund please follow below steps:\n•\t Go to refund section and click on initiate bulk refund & download the sample file.\n•\t Mention your Merchant ID in the entity column.\n•\t Enter Method type as 211.\n•\t Enter transaction ID under original transaction ID.\n•\t Enter transaction amount under original transaction amount.\n•\t Enter refund amount that has to be processed under amount section.\n•\t Save the file with the given naming convention  jfs_yyyymmddhhmmss_mid_recordscount\n      o  jfs is static field.\n      o  yyyymmddhhmmss is year, month, day, hours, min & seconds.\n      o  mid is your merchant ID.\n      o  record count is the refund count.\n      o  Please ensure you follow above steps for successful refund processing."
    },
    {
      "question": "Q50",
      "answer": "Yes, there is particular format for Bulk refund report which you can download from merchant Dashboard. You can go to refund section and click on initiate bulk refund & download the sample file. Any deviation from the standard format will lead to failure of bulk refund."
    },
    {
      "question": "Q51",
      "answer": "Yes, Partial refund is allowed. You can add partial refund amount in the amount section of refund file."
    },
    {
      "question": "Q52",
      "answer": "Yes, if any records in the bulk refund file fail to process successfully, you can reprocess those failed records by uploading a new file with the corrected information. Simply create a new file with the failed refund records, ensuring that it follows the required format, and upload it again through the JioPay dashboard. The system will process the new file separately, allowing you to retry the refund for the failed records. Make sure to address any errors or issues that caused the initial failure to increase the chances of successful processing in the reupload."
    },
    {
      "question": "Q53",
      "answer": "For disabling SMS Notification you can follow below steps.\n•  Go to settings tab & select user management.\n•  Click on Action and select edit permission for whichever user you want to disable notification.\n•  Uncheck the notification permission check box & click on save changes.\n•  Now notification are disable for this users."
    },
    {
      "question": "Q54",
      "answer": "For adding new number for notification you can follow below steps.\n•  Go to settings tab & select user management.\n•  Click on Add new users.\n•  Enter name, mobile number of the user.\n•  Give notification rights in Access rights & click on add user.\n•  Now new mobile number is added for SMS notification."
    },
    {
      "question": "Q55",
      "answer": "The JioPay VoiceBox is a Voice audio device that provides instant audio confirmation for UPI payments made on the device. It functions as a portable speaker and offers Jio SIM connectivity. Additionally, it has the capability to provide add-on services based on your specific needs."
    },
    {
      "question": "Q56",
      "answer": "Once activated, your JioPay VoiceBox will automatically provide instant audio confirmation for UPI payments made via the VoiceBox QR.\nThe device is mapped to your Merchant ID and linked with your bank account."
    },
    {
      "question": "Q57",
      "answer": "JioPay VoiceBox has some unique features that make it stand out from other devices, such as:\n•  Superior battery life.\n•  Exclusive entertainment content*\n•  Premium device.\n•  Voicephone app to control VoiceBox.\n•  Battery & Network signal indicators.\n•  4G high-speed network connectivity.\n•  Reliable for noisy outdoor use.\n        *TnC apply"
    },
    {
      "question": "Q58",
      "answer": "To get a new JioPay VoiceBox, please email \nmerchant.support@jiopay.in\n with details of your contact number, store address. The VoiceBox is currently available for select merchant businesses."
    },
    {
      "question": "Q59",
      "answer": "Yes, doorstep installation is included with the JioPay VoiceBox. When you purchase the device, you can expect the installation process to be convenient and hassle-free. A representative or technician will come to your onboarded location and assist you in setting up the Voice speaker. This ensures that you can use the device without any difficulty or confusion. The doorstep installation service adds convenience and ensures you can enjoy a smooth and seamless setup experience for your JioPay Voicebox."
    },
    {
      "question": "Q60",
      "answer": "Assisted activation will be done by the JioPay agent installing the Voice box. \n\nJioPay agent will scan the Voice box Device serial number QR and the UPI ID QR.\n        \nJioPay agent will input the merchant's personal banking UPI ID/scan the UPI QR for one-time payment + monthly payment mandate setup.\n        \nMerchant will receive a notification on his UPI app for authorising the one-time payment + monthly payments.  \n        \nOn successful authorization, one-time payment amount will be debited from the merchant's UPI linked bank account.\n        \nOn one time payment confirmation, Voice box will be activated against the merchant's settlement bank account for payment collection. \n        \nAgent will do a test transaction to verify the setup."
    },
    {
      "question": "Q61",
      "answer": "The VoiceBox is equipped with a pre-activated Jio SIM, which is specifically designed for use with the device. It cannot be used with other devices, and the VoiceBox does not support other operator SIM cards or Jio SIM cards with voice/data. If you encounter any connectivity-related issues with your VoiceBox, please contact merchant.support@jiopay.in for assistance. They will be able to provide further guidance and support to resolve any connectivity problems you may be facing."
    },
    {
      "question": "Q62",
      "answer": "If you would like to return/replace the VoiceBox, please contact the JioPay executive or reach out to \nmerchant.support@jiopay.in\n. They will provide you with the necessary instructions and assistance for returns/replacements and cancellation."
    },
    {
      "question": "Q63",
      "answer": "Yes, the JioPay VoiceBox is designed to provide clear and high-quality audio confirmation for payments even in noisy environments. Its audio output is optimized to deliver loud and audible notifications, ensuring that users can receive payment confirmations and alerts effectively, regardless of background noise. This feature enhances the usability and reliability of the device, allowing users to receive notifications and confirmations without any inconvenience, even in crowded or noisy surroundings."
    },
    {
      "question": "Q64",
      "answer": "Keep the voice box free of dust and dirt."
    },
    {
      "question": "Q65",
      "answer": "VoiceBox will only announce successful UPI transactions. It will not announce failed or pending transactions."
    },
    {
      "question": "Q66",
      "answer": "The VoiceBox can support and voice out transactions made through all UPI applications, such as MyJio, BHIM, Google Pay, PhonePe, Paytm, and other supported banks."
    },
    {
      "question": "Q67",
      "answer": "The VoiceBox initially supports announcements in English and Hindi. However, there are plans to expand language support and include 12 other regional languages in the near future."
    },
    {
      "question": "Q68",
      "answer": "You can change the supported language of the announcement from the JioPay Business app. You can download the app from Google Play Store: \nJiopay business\n."
    },
    {
      "question": "Q69",
      "answer": "To replay the last transaction on the VoiceBox, simply press the function button once. This action will trigger the VoiceBox to replay the details of the last transaction.\n        Most recent transaction (in the last 7 days) will be replayed on pressing the function button. If the last transaction was done prior to 7 days, no information will be played out."
    },
    {
      "question": "Q70",
      "answer": "Try restarting the device using power buttons."
    },
    {
      "question": "Q71",
      "answer": "If your VoiceBox is not charging, please ensure that the supplied charger is connected to a power supply and that the USB connector is properly plugged into the VoiceBox. Check for any visible damages or issues with the charger or USB cable. Try using a different power outlet or charger to eliminate any potential problems with the power source. If the issue persists, please contact merchant.support@jiopay.in for further assistance."
    },
    {
      "question": "Q72",
      "answer": "To power on your VoiceBox and verify its operational status, follow these steps: \n\n      1.  Locate the power button on your VoiceBox. \n      \n      2.  Press and hold the power button for a few seconds. \n      \n      3.  Release the power button once you see or hear indications of the device powering on."
    },
    {
      "question": "Q73",
      "answer": "Connect your device to charger and let it charge for 10-15 mins."
    },
    {
      "question": "Q74",
      "answer": "Restart the device using power buttons."
    },
    {
      "question": "Q75",
      "answer": "The charges for the VoiceBox include a one-time setup fee that is payable at the time of installation or activation. Additionally, there is a recurring monthly subscription fee for the services provided by the VoiceBox. The monthly subscription fee will be debited from your account."
    },
    {
      "question": "Q76",
      "answer": "You can obtain the invoice for the payment made towards the VoiceBox subscription directly from the JioPay Business app."
    },
    {
      "question": "Q77",
      "answer": "Check the power indicator LED if the Voice box is powered on."
    },
    {
      "question": "Q78",
      "answer": "Check the power indicator LED if Voice box is powered on."
    },
    {
      "question": "Q79",
      "answer": "Charging : RED"
    },
    {
      "question": "Q80",
      "answer": "After receipt of device, the store manager is supposed to do the following activity - \n•  He needs to do GRN entry.\n•  Watch DIY Video on device installation.\n•  He should match the devices to billing system – One device per billing system. If mismatch then he should report the same to the RRL support team and his cluster managers.\n•  Connect device to USB port of the billing system, as shown in the video.\n•  Do the “Sign out” and “Sign” in the billing system/RPoS application.\n•  Same step to be followed for each of the billing systems/RPoS application in his store."
    },
    {
      "question": "Q81",
      "answer": "The devices would be dispatched by the local State Digital DC."
    },
    {
      "question": "Q82",
      "answer": "The store manager should reach out via the RRL team based out of RCP by writing to \nmerchant.support@jiopay.in\n."
    },
    {
      "question": "Q83",
      "answer": "The store manager should reach out to the RRL support team or write an email to merchant support [\nmerchant.support@jiopay.in\n] – Please specify the details the store manager needs to include while sending such emails."
    },
    {
      "question": "Q84",
      "answer": "The store manager would have to share this information with RRL Support team. Accordingly, return or delivery of additional devices would be planned. Please mention the email ids along with the details store manager has to add while sending such emails."
    },
    {
      "question": "Q85",
      "answer": "•\tIt is a plug and play device. The store manager would have to connect the USB port of the device to the USB port of the RPoS Billing system.\n•\tFurther, the screen will appear and the store manager would have to do “signout” and “sign in”.\n•\tAfter that, the store manager can do a Re1 test transaction and select “JioPay UPI DQR” option at the time of checkout as MOP. The DQR code would then generate instantaneously on the DQR Device. He may then scan and pay using any of the UPI/BHIM applications.\n•\tIn case of any issues, the store manager may connect with RRL Support team or write a mail to \nmerchant.support@jiopay.in\n."
    },
    {
      "question": "Q86",
      "answer": "Customer can make payment via any of the UPI applications such as MyJio, PhonePe, GPay, Paytm, etc."
    },
    {
      "question": "Q87",
      "answer": "Store manager needs to raise with RRL Enterprise IT team: \nRetailit@ril.com\n."
    },
    {
      "question": "Q88",
      "answer": "The store manager may reach out to merchant support team \nmerchant.support@jiopay.in\n. Please mention the details store manager has to provide while raising such concerns."
    },
    {
      "question": "Q89",
      "answer": "•\tStore manager to mandatorily raise call log with transaction details [RRN, Amount, Transaction date, MOP=Jiopay UPI DQR] with central refund team - \nARR.Refund@ril.com\n.\n•\tRefund process is similar to existing process. Refund is processed via central refund team ARR.Refund@ril.com.\n•\tIn case of excess credit, Refund team will process the refund and customer will get the credit after refund initiation in T+2 days."
    },
    {
      "question": "Q90",
      "answer": "•\tTraining on DQR would be a one-time activity and would be communicated to them by their cluster heads or RRL support.\n•\tHowever, any feature addition or update on the product would be communicated to them through DIY videos, or store communications by RRL Support team."
    },
    {
      "question": "Q91",
      "answer": "The store to click on Check Status to understand transaction status. In case, the status is still not confirmed and there is timeout, then merchant should cancel the order and create new order. The customer would have to make the payment again. The earlier payment (if made) would be refunded back to customer."
    },
    {
      "question": "Q92",
      "answer": "T+1 day settlement to RRL settlement account."
    },
    {
      "question": "Q93",
      "answer": "•\tThis option should be used when the Cashier initiated the payment, but customer has not started payment from his end. Following scenarios to be considered – \n      o  Customer wish to add more products.\n      o  Customer has not started the payment.\n      o  Customer wish to change the MOP.\n      o  Payment failed at customer side, and he wants to change the MOP."
    },
    {
      "question": "Q94",
      "answer": "•\tPayment initiated but it is pending due to network or some other issue. Following scenarios to be considered\n      o  Please wait until it’s either failed or success at customer end.\n      o  Request customer confirmation on transaction before using cancel option.\n      o  Customer side payment is successful and confirmation is not received at RPOS, after 2 mins of timeout."
    },
    {
      "question": "Q95",
      "answer": "The JioPay Business Partner Program stands as one of the most rewarding B2B programs in India. As a JioPay Business partner, you not only have the opportunity to earn unmatchable commissions but also offer a delightful and convenient digital payments experience for your customers."
    },
    {
      "question": "Q96",
      "answer": "With the JioPay Business Partner Program, you receive recurring payments based on the number of transactions processed through JioPay Business."
    },
    {
      "question": "Q97",
      "answer": "Absolutely, businesses that are already registered with JioPay Business can certainly extend their engagement by enrolling as partners."
    },
    {
      "question": "Q98",
      "answer": "•\tP2PM Merchants are the merchants who are on boarded with ,low KYC details such as Proof of Identification and Address however without Proof of Business (PoB). The following documents are required to onboard as \ni.\tAadhar card/DL\nii.\tBank Account Details (Penny Drop Verification)\n•\tSuch merchants have a monthly cumulative Inward UPI Transaction limit of ₹ 1,00,000/- only, for accepting payments. Additionally, daily limit and transaction limit is kept 25,000/- per day and 10,000/- per transaction, respectively by NPCI. However, these limits could be revised from time to time as per NPCI instruction.\n•\tAny more transaction which breaches the above-mentioned respective values won’t be processed by Jiopay and would be declined. In such case customer will not be debited nor will there be any credit to the merchant.\n•\tSuch Merchants can upgrade themselves to P2M merchant on request. However, if any such merchant crosses ₹ 1,00,000/- monthly for 3 consecutive months then Jiopay team will upgrade such merchant mandatorily to P2M subject to the merchant providing documents necessary for P2M specific KYC."
    },
    {
      "question": "Q99",
      "answer": "•\tP2PM merchants have a monthly cumulative Inward UPI Transaction limit of ₹ 1,00,000/- only, for accepting payments. \n•\tFurthermore, daily limit and transaction limit is kept 25,000/- per day and 10,000/- per transaction only, respectively by NPCI. However, these limits could be revised from time to time as per NPCI instruction.\n•\tAny more transaction which breaches the above-mentioned respective values won’t be processed by Jiopay and would be declined. In such case customer will not be debited nor will there be any credit to the merchant."
    },
    {
      "question": "Q100",
      "answer": "P2M merchants can be able to accept payments with adjustable higher limits on transaction value (Basis the MCC & risk rules applicable to merchant)."
    },
    {
      "question": "Q101",
      "answer": "Post Upgradation Request, It would take around 24-48 hours to process the request, subjected to the fulfilment and validity of the documents submitted. Such merchants shall get an alert on Successful KYC upgradation"
    },
    {
      "question": "Q102",
      "answer": "•\tP2PM merchants have a monthly cumulative Inward UPI Transaction limit of ₹ 1,00,000/- only for accepting payments. Any more transaction which breaches this value won’t be processed by Jiopay and would be declined. Thus, such merchants won’t be able to accept payments until next month OR it has upgraded itself to P2M KYC Merchant.\n•\tHowever, If the ₹ 1,00,000/- monthly limit is breached for 3 consecutive months, then in that case Jiopay team along with the merchant needs to upgrade such merchant mandatorily to P2M KYC Merchant as per NPCI guidelines. Further transactions could be blocked until the merchant is upgraded to P2M KYC merchant."
    },
    {
      "question": "Q103",
      "answer": "i.\tVia Chatbot: Go to “Account management menu” -> Select “More about Account management” -> Select “Modify Settlement account” -> Select Request to Update Account Details -> Select the MID -> Attach the Picture of Passbook/Cancelled check -> Submit. A ticket shall be created whose status would be visible in the Ticket Status section in the Chatbot\nii.\tVia Mail: Send a mail at merchant.support@jiopay.in.  with your MID, Bank Account no., IFSC Code and a Picture of Passbook/Cancelled check. The Subject of the mail should be “Settlement Account Change Request for MID: <Enter MID>”"
    }
  ]
}