{
  "faq": [
    {
      "question": "Why should you consider becoming a part of the JioPay Business Partner program?",
      "answer": ""
    },
    {
      "question": "What is the potential earning structure within the JioPay Business Partner Program?",
      "answer": ""
    },
    {
      "question": "Can a business that's already registered with JioPay Business also sign up as a partner?",
      "answer": ""
    },
    {
      "question": "Q10",
      "answer": ""
    }
  ]
}