{
  "faq": [
    {
      "question": "Q6",
      "answer": "ProductsPartner ProgramContact UsAbout Us"
    },
    {
      "question": "Q10",
      "answer": ""
    },
    {
      "question": "Q11",
      "answer": ""
    },
    {
      "question": "Q12",
      "answer": ""
    },
    {
      "question": "Q13",
      "answer": ""
    },
    {
      "question": "Q41",
      "answer": "Products\nPartner Program\nContact Us\nAbout Us"
    },
    {
      "question": "Why should you consider becoming a part of the JioPay Business Partner program?",
      "answer": "The JioPay Business Partner Program stands as one of the most rewarding B2B programs in India. As a JioPay Business partner, you not only have the opportunity to earn unmatchable commissions but also offer a delightful and convenient digital payments experience for your customers."
    },
    {
      "question": "What is the potential earning structure within the JioPay Business Partner Program?",
      "answer": "With the JioPay Business Partner Program, you receive recurring payments based on the number of transactions processed through JioPay Business."
    },
    {
      "question": "Can a business that's already registered with JioPay Business also sign up as a partner?",
      "answer": "Absolutely, businesses that are already registered with JioPay Business can certainly extend their engagement by enrolling as partners."
    },
    {
      "question": "Q48",
      "answer": ""
    }
  ]
}