{
  "sections": {
    "Explore Products": [],
    "": [],
    "2 Million+": [],
    "API requests per day": [],
    "": [],
    "100K+": [],
    "Merchants trust us": [],
    "": [],
    "300 Million+": [],
    "Transactions processed": [],
    "": [],
    "100+": [],
    "Payment methods supported": [],
    "PAYMENT GATEWAY": [],
    "Why JioPay?": [],
    "We are obsessed with technology and use it extensively to solve the payments needs of your business": [],
    "Versatile": [],
    "Multiple feature launches, optimizations and improvements through the year to ensure you are always ahead of the curve": [],
    "Comprehensive": [],
    "Reduce your operational expenses using our fully managed platform that is designed for Security, Reliability and Scale": [],
    "Compliant": [],
    "JioPay meets the highest standards to meet compliance needs and reassure your decision to choose us": [],
    "Robust": [],
    "Our integration with multiple institutions ensures the best fail-safe to deliver superior success rates and uptime": [],
    "JioPay Business App": [
      {
        "question": "What is JioPay Business?",
        "answer": ""
      },
      {
        "question": "What is the purpose of the JioPay Business App?",
        "answer": ""
      },
      {
        "question": "How can I download the JioPay Business App?",
        "answer": ""
      },
      {
        "question": "I have forgotten my account password. How can I reset it?",
        "answer": ""
      },
      {
        "question": "I am unable to login to the App/Dashboard. What can I do?",
        "answer": ""
      },
      {
        "question": "Why My App is crashing on my Phone?",
        "answer": ""
      },
      {
        "question": "Where can I see transaction details in the App/Portal?",
        "answer": ""
      },
      {
        "question": "What is JioPay Business Dashboard?",
        "answer": ""
      },
      {
        "question": "How can I generate reports on JioPay business Dashboard?",
        "answer": ""
      },
      {
        "question": "How can I create Collect link?",
        "answer": ""
      },
      {
        "question": "What are the payment modes available via Collect link?",
        "answer": ""
      },
      {
        "question": "Can I use Single Collect link to accept payments from multiple customers?",
        "answer": ""
      },
      {
        "question": "What is the validity of the Collect link?",
        "answer": ""
      },
      {
        "question": "Can I create Bulk Collect links?",
        "answer": ""
      },
      {
        "question": "Is partial payment allowed?",
        "answer": ""
      },
      {
        "question": "Can customer enter the amount?",
        "answer": ""
      },
      {
        "question": "Can I add sub user to JioPay Business?",
        "answer": ""
      },
      {
        "question": "How can a new sub access merchant Dashboard?",
        "answer": ""
      },
      {
        "question": "Can I block sub user?",
        "answer": ""
      },
      {
        "question": "What is Repeat?",
        "answer": ""
      },
      {
        "question": "What are the payment methods supported for Repeat?",
        "answer": ""
      },
      {
        "question": "What is the maximum amount for debit without 2FA in subsequent payment?",
        "answer": ""
      },
      {
        "question": "I want to give my customer a free trial, would that be possible?",
        "answer": ""
      },
      {
        "question": "Can I create Repeat via dashboard?",
        "answer": ""
      },
      {
        "question": "Will you be able to manage my subscriptions?",
        "answer": ""
      },
      {
        "question": "How can I create campaign?",
        "answer": ""
      },
      {
        "question": "How can I edit campaign?",
        "answer": ""
      },
      {
        "question": "How can I pause/stop campaign?",
        "answer": ""
      },
      {
        "question": "What are settlements?",
        "answer": ""
      },
      {
        "question": "How to check settlements in my bank account?",
        "answer": ""
      },
      {
        "question": "What should I do if I'm not receiving my settlements?",
        "answer": ""
      },
      {
        "question": "I believe that I have received partial or incorrect settlement in my account?",
        "answer": ""
      },
      {
        "question": "How do I Update settlement bank account number?",
        "answer": ""
      },
      {
        "question": "Do I have to do manual settlement for my account every day to get the funds for payments collected by me?",
        "answer": ""
      },
      {
        "question": "Why is my settlement on hold for some transactions?",
        "answer": ""
      },
      {
        "question": "How can I issue refunds to my customers for any payments made by them?",
        "answer": ""
      },
      {
        "question": "How to check the status of refund?",
        "answer": ""
      },
      {
        "question": "How to check ARN for refund?",
        "answer": ""
      },
      {
        "question": "What should I do if refund is not credited in my customer’s account?",
        "answer": ""
      },
      {
        "question": "Can I cancel a refund?",
        "answer": ""
      },
      {
        "question": "Do you charge for refund?",
        "answer": ""
      },
      {
        "question": "Can we do bulk refund?",
        "answer": ""
      },
      {
        "question": "What are the steps for Bulk refund?",
        "answer": ""
      },
      {
        "question": "Do we have a format for bulk refund report?",
        "answer": ""
      },
      {
        "question": "Is partial refund allowed in bulk refund?",
        "answer": ""
      },
      {
        "question": "How can I disable SMS notification from dashboard?",
        "answer": ""
      },
      {
        "question": "How can I add new number for SMS from dashboard?",
        "answer": ""
      },
      {
        "question": "What is the JioPay VoiceBox?",
        "answer": ""
      },
      {
        "question": "How does the VoiceBox work?",
        "answer": ""
      },
      {
        "question": "How does JioPay VoiceBox compare with other devices?",
        "answer": ""
      },
      {
        "question": "How do I get a new VoiceBox?",
        "answer": ""
      },
      {
        "question": "Is doorstep installation included with the JioPay VoiceBox?",
        "answer": ""
      },
      {
        "question": "How can I set up the JioPay VoiceBox?",
        "answer": ""
      },
      {
        "question": "Can I use any SIM in the VoiceBox?",
        "answer": ""
      },
      {
        "question": "What if I would like to return /replace the VoiceBox?",
        "answer": ""
      },
      {
        "question": "Can the JioPay VoiceBox be used in noisy environments?",
        "answer": ""
      },
      {
        "question": "What are some measures to take to keep the voice box in good working condition ?",
        "answer": ""
      },
      {
        "question": "What should a store manager do on receipt of JioPay DQR standee?",
        "answer": ""
      },
      {
        "question": "Who will send the store manager the JioPay DQR?",
        "answer": ""
      },
      {
        "question": "What if the neighborhood smart point have it and a particular store manager doesn’t have it.",
        "answer": ""
      },
      {
        "question": "What if the DQR device is defective?",
        "answer": ""
      },
      {
        "question": "What if the store manager has received excess or lesser number of devices?",
        "answer": ""
      },
      {
        "question": "How do I start using the DQR device for transactions?",
        "answer": ""
      },
      {
        "question": "What all UPI payment applications/options would JioPay DQR support?",
        "answer": ""
      },
      {
        "question": "Internet connectivity issue or network issues because of which UPI is not working",
        "answer": ""
      },
      {
        "question": "What if the DQR is not working after connecting to RPoS Billing System?",
        "answer": ""
      },
      {
        "question": "How to initiate refund in normal DQR transactions",
        "answer": ""
      },
      {
        "question": "Why should you consider becoming a part of the JioPay Business Partner program?",
        "answer": ""
      },
      {
        "question": "What is the potential earning structure within the JioPay Business Partner Program?",
        "answer": ""
      },
      {
        "question": "Can a business that's already registered with JioPay Business also sign up as a partner?",
        "answer": ""
      },
      {
        "question": "Who are P2PM Merchants?",
        "answer": ""
      },
      {
        "question": "What are Limitations of being a P2PM Merchant?",
        "answer": ""
      },
      {
        "question": "What are benefits of becoming a P2M merchant?",
        "answer": ""
      },
      {
        "question": "How long would it require to become P2M merchant after upgradation request?",
        "answer": ""
      },
      {
        "question": "What if a P2PM Merchant merchants breaches ₹ 1,00,000/- monthly limit?",
        "answer": ""
      },
      {
        "question": "How to change the settlement account?",
        "answer": ""
      },
      {
        "question": "About Us",
        "answer": ""
      }
    ]
  },
  "pdf_texts": {},
  "page_text": "JioPay Business\nProducts\nPartner Program\nContact Us\nAbout Us\nAbout Us\nJioPay was created with the sole intention of creating a product that could revolutionize payments, facilitate quick and simple transactions without having a complex integration process for our users - the merchants of India. JioPay offers simple, self-service products for merchants and businesses of all sizes to accept payments online from their customers.\nJioPay products are tailor-made to the business needs of merchants in Bharat.\nWith JioPay, merchants can accept payments from all digital modes including Cards of all types, UPI, Netbanking, Wallets and Bill Now, Pay Later among others\nWant to better your checkout experience?\nContact Us.\nFirst Name\nLast Name\nWork Email Address\nMobile Number\nCompany Website\nDaily Transaction Value in INR\nContact JioPay\nBy completing this form, I have read and acknowledged the\nPrivacy Policy\nand agree that JioPay may contact me at the email address or phone number above"
}